﻿{
    "encomendas":[
    { "id" : 763, "codigo" : "QWE-67Y", "valor" : 312.21,   "entregue" :false, "data" : "2014-12-17T01:08:13Z", 
      "cliente" : { "nome" : "Corporação Exemplo", "id" : 1 } 
    },

    { "id" : 312, "codigo" : "QWE-72Y", "valor" : 27.00,    "entregue" :false, "data" : "2014-12-14T11:12:43Z", 
      "cliente" : { "nome" : "Investidores ricos", "id" : 2 } 
    },

    { "id" : 467, "codigo" : "RTY-42Z", "valor" : 1731.99,  "entregue" :false, "data" : "2014-12-12T21:23:23Z", 
      "cliente" : { "nome" : "Corporação Exemplo", "id" : 1 } 
    },

    { "id" : 985, "codigo" : "UTR-43Y", "valor" : 141.00,  "entregue" :false, "data" : "2014-12-10T09:02:52Z", 
      "cliente" : { "nome" : "Nitro Digital", "id" : 3 } 
    },

    { "id" : 235, "codigo" : "UTR-42Y", "valor" : 35.00,    "entregue" :false, "data" : "2014-12-10T08:34:45Z", 
      "cliente" : { "nome" : "Corporação Exemplo", "id" : 1 } 
    },

    { "id" : 406, "codigo" : "QWE-65Z", "valor" : 294.00,   "entregue" :false, "data" : "2014-12-09T12:54:56Z", 
      "cliente" : { "nome" : "Corporação Exemplo", "id" : 1 } 
    },

    { "id" : 146, "codigo" : "YODA-67Y", "valor" : 1430.00,  "entregue" :true, "data" : "2014-11-21T18:45:49Z", 
      "cliente" : { "nome" : "Nitro Digital", "id" : 3 } 
    },

    { "id" : 401, "codigo" : "YODA-83Y", "valor" : 120.30,   "entregue" :true, "data" : "2014-11-09T15:54:18Z", 
      "cliente" : { "nome" : "Investidores ricos", "id" : 2 } 
    },

    { "id" : 125, "codigo" : "LKS-81Y", "valor" : 772.00,   "entregue" :true, "data" : "2014-11-02T19:23:18Z", 
      "cliente" : { "nome" : "Corporação Exemplo", "id" : 1 } 
    },

    { "id" : 521, "codigo" : "QWE-12Y", "valor" : 42.00,    "entregue" :true, "data" : "2014-10-12T14:27:15Z", 
      "cliente" : { "nome" : "Nitro Digital", "id" : 3 } 
    }

  ]
}

